<?xml version="1.0" encoding="UTF-8"?>
<ti:module xmlns:ti="http://ti.appcelerator.org" xmlns:android="http://schemas.android.com/apk/res/android">
	<!--
		Similar to tiapp.xml, but contains module/platform specific
		configuration in <iphone>, <android>, and <mobileweb> sections
	-->
	<iphone>
	</iphone>
	<android xmlns:android="http://schemas.android.com/apk/res/android">
		<application>
			<activity android:name="com.mixpanel.android.surveys.SurveyActivity" android:theme="@style/com_mixpanel_android_SurveyActivityTheme"/>


			<receiver
			  android:name="com.mixpanel.android.mpmetrics.InstallReferrerReceiver"
			  android:exported="true">
			  <intent-filter>
			    <action android:name="com.android.vending.INSTALL_REFERRER" />
			  </intent-filter>
			</receiver>
		</application>
	</android>
	<mobileweb>
	</mobileweb>
</ti:module>
